Image,Title,Price,Link,Frete,Reviews
"undefined","Mesa Escrivaninha Industrial Diretor Ferro E Madeira Vintage 150x60cm Estilo Nórdico Madeirado Com Preto E-led",R$199.99,"https://click1.mercadolivre.com.br/mclics/clicks/external/MLB/count?a=7K21sR4q%2Fv2EfG%2B3olje5VwHCgAiNcbS0u0nf13T892HhGVTv7cJ5O0sEuz%2BvaR4%2BLYc7PWk0qi7BEoStr7KV7t%2FjqkDH03NbRqO5ziCBdLC8ZH9jrfyn4JxhhgMQKKNnadQpk4xHSLVJhroSQPe37Gkdd4u5QYT5eWgPjAOwDw5viUEucef0qSOpgJnAm1rrWPAVd8IUMt%2B4XTfT4imtLynd4%2BKLGWfD6xzq4v3SJUw19Pr7WLp4jVrcThkf56H9EvjxDnu%2Blh2Jcn0HgSdMFSd1pqaFxh0Ven6iPm54MVGfXIpINLCfNjfRyF6aGCY3Rmdgc8qdwyVjw7xXQbHErkkrGBZp2j3a9PrYcErKXzTzs%2FTVdCbknKb0sCxBZB0YMNcNhMBiLErTSNwimWSYgUgs8WFpSX%2BlkJKW5DEvfs62eGYAlm%2BOACIS%2FdphEDOaRYpipeYkXCjqGgEIrjcZnh%2BL1LyycDFWIrm2Ujj2hds7jNZ4moCXu5W%2FDag9yPA%2BtSZ1DeGKH803FoCsvAtOYT4VFrCRgaU6VaV4j14hrgFmiCJ1vO3mYXCowxzDBUO1TjNz7Gq%2FIVTSLjhHkzAlA8dR37oLHg57Q2ZmKga4kb%2F2cP6hq7gmk0KQ7%2FmK4ytm2%2BXbEYpWjPl376sKH8ElM2Y%2BqLjZe%2FPom3edps%2FZbjxQEoNUdhqQTtpO%2BeE94kZFjTw%2Bvp20cRvkzuCWj0bGhAO9Syt44jyN6zeo6h9sPWmQh85z9QhYvjo9KRgcdeLAJPLYOwHoQBVLp%2Fz8gu%2BZis4LZRh%2Fgmu72VsOmJmFX6dlXvOO3uZDQuy%2BJ64p3VXf2fDcKR%2BUDCb0BM4Kv0SFhnhq%2F8zwJOoduP%2BwiI7CWJD4qm%2FR8crBD5PPkGT&e=mclics%2Fadvertising-results-augmenter-on%2B15098%2Cmclics%2Fgtins%2B17001%2Cmclics%2Fvariant-candidates%2B31710%2Cmclics%2Fpseudo-search-pads-buybox%2B7708%2Cmclics%2Fmax-bid-item-factor%2B23928%2Cmclics%2Fbuybox-layout%2B25349%2Cmclics%2Fsearch-list-ad-algorithm%2B16026%2Cmclics%2Fmore-ads%2B28402%2Cmclics%2Fpads-score-mla%2B17263%2Cmclics%2Fbuybox-threshold%2B24613%2Cmclics%2Flax-top-domain%2B23443&rb=x","Frete grátis","Avaliação 4.3 de 5. 87 opiniões."
"undefined","Mesa Escrivaninha Fit 4 Prateleiras Preto/canela Rústico",R$279.20,"https://click1.mercadolivre.com.br/mclics/clicks/external/MLB/count?a=xH35t5SW6Qf3adqUEMFHmNSmiCtKOZtrAQxldPKnBs4g0y57AdwRF1B9LEVwc7gWnW0bDZyHFJrJIzRB9kME5UXovALf2e%2B8zr8z6ZeOMFY6lLzGM0pYkUIgRbfdVJ69uatgCFqmrbTmJPS36YlXVywJT4I%2B0gjYs%2BBYdhXLpHr%2FRW1yN9ewMWfiQwMeWkfDJJEouT09LZPf7DY%2BZE8UZ9gg%2B8N3yotzTX0p0JbA86CLr0sJ8gpOPtzcrrkcRNTT0ncAeXwpkaGvuJL0LnW2iMaXquJKRNE27RxqkZVeEyJMt9uVQQJlGGBFoEdRHe%2FgXryLPrTpi6j20rjvODVWfuVztp%2FcPnZFzq%2BC65V7pdIJP%2B%2FH%2Bng1hBsh75wtHFCwlA%2BP2rZ4so8eBSldu%2BL2IW7TVZA8Cg%2FVoL%2BExzzJNDHurxiv0eDM%2B3Ass8%2BnJIzmvpPERaqUN9L6Iglsr%2Fei858tJ%2Bx5vYzKHEbKzoR1cPrpxhl4s5aO1KFkL6JVhRpjUY0nl1FLTUKkqY%2Bc7JWmWUVlLlRnm8zR1IjgQ3N17A2vq6RBguuaTdUauysBhUZm89%2FWlWETy4v%2FIyEfi5NY%2FybyUZCaHvDocHRk%2F%2BGtXVd4JRz7lGA3vEB5CQSdnTkvg6ZD3DFh83Rd%2BLXXv%2F68mtm5cd9aXCEFn2IDeKugrQAmyW1euePzyG0CszFGvWFra1bETzpz46RmGM7C%2FLMJo1k%2BKQJ0AL45GIiBuH7JZ4R6KSinQ4JewF9FMS6TPa5WIu5KVxtcOsYYSgw1dvGgqc7S0JpmE1mlcUTZvcwN7KFN9kZcFpo%3D&e=mclics%2Fadvertising-results-augmenter-on%2B15098%2Cmclics%2Fgtins%2B17001%2Cmclics%2Fvariant-candidates%2B31710%2Cmclics%2Fpseudo-search-pads-buybox%2B7708%2Cmclics%2Fmax-bid-item-factor%2B23928%2Cmclics%2Fbuybox-layout%2B25349%2Cmclics%2Fsearch-list-ad-algorithm%2B16026%2Cmclics%2Fmore-ads%2B28402%2Cmclics%2Fpads-score-mla%2B17263%2Cmclics%2Fbuybox-threshold%2B24613%2Cmclics%2Flax-top-domain%2B23443&rb=x","Frete grátis","Avaliação 4.8 de 5. 120 opiniões."
"undefined","Conjunto Mesa Ciplafe Expert Dobravel 4 Banquetas Bp 0,72m Cor Capuccino",R$410.67,"https://click1.mercadolivre.com.br/mclics/clicks/external/MLB/count?a=R%2BOJ61hsH7BB4HKQrSf5z%2Fr3y8HOfetD92ngDgAEI52qDKuyVpabv0AW4t7mJhzNEdH8N5NvJ7w6NvjPudpcLznAhR70sLKiuJglyVkVLqng9IUGcSsr3fTHa9bV2CQw18h7s%2FtPOGu815eZoBm1FKEcRCFt5UnhW8rUBLdiBHasa2NsoTilz959ejGTUnQatDQCutmtUMRFX60H9F6hrR2xXdT%2Fx7EKHZVYshPVaVpyup%2FOlwUa0s6U6zvzHpgLuCiPh7MD%2BAs8zri%2BlKE0WuayJgUKNgBPOre3U1RGjhwIoTH5fqeKhCY2txHQ1FIyrUm2l9NmaWxkAZmltqww%2BZHWboMqdGpv4EV1M9VSlAhdNY1BB3cKhOu79q5tTIuyEiqGiISedSmglnX95hdOzkCl0UH2WQFVU7SzvI26pk6B7VQKhaIUShRlcE5IThfZEam7m8bG2T3tSaU0Np0BFYNV60b8nA%2BVUyOumGkK%2BXxxrLQc8I8u06MfQBoYLvlF5Y4aG%2FY6gW72HirgYexJvVjrF1owzCzo4rzFozCntMW9mvGp5vCXTpZeiHFyj%2FD4AvVxsmk4SizrItKwfBsbbLwwCD%2Fbyqd2iCBMY2daNMnwIgPT7qn1vmkcRy0V8xs2fht%2FQbmynu95o4RwPt52bDIA39m%2BVP27wufIMmGgmQsYAqGbI6JU2Zr4iauF3RkMOgqkjn6gMoUv%2BlvmzGXPSUApfNeY43o6QLHZJn79ajQmc8pYc7zB0X1rfDwVpaOovUH0VTXsGjHZ3uOeNMnkuKW9%2FVceQwpVDyRl1PwSF9tN0Lbzoh4SiXLqKAdGwJeZcx8ZZmtwWw%3D%3D&e=mclics%2Fadvertising-results-augmenter-on%2B15098%2Cmclics%2Fgtins%2B17001%2Cmclics%2Fvariant-candidates%2B31710%2Cmclics%2Fpseudo-search-pads-buybox%2B7708%2Cmclics%2Fmax-bid-item-factor%2B23928%2Cmclics%2Fbuybox-layout%2B25349%2Cmclics%2Fsearch-list-ad-algorithm%2B16026%2Cmclics%2Fmore-ads%2B28402%2Cmclics%2Fpads-score-mla%2B17263%2Cmclics%2Fbuybox-threshold%2B24613%2Cmclics%2Flax-top-domain%2B23443&rb=x","5% OFF em Casa & DecorFrete grátis","Avaliação 4.4 de 5. 102 opiniões."
"https://http2.mlstatic.com/D_NQ_NP_766174-MLU70117031318_062023-W.webp","Mesa De Bar Dobrável De Aço Ferro Metal Antiferrugem",R$149,"https://www.mercadolivre.com.br/mesa-de-bar-dobravel-de-aco-ferro-metal-antiferrugem/p/MLB24134250?pdp_filters=category:MLB436380#searchVariation=MLB24134250&position=7&search_layout=grid&type=product&tracking_id=c80177de-564a-414c-b8b8-8f0891d8acf2","Frete grátisEnviado pelo","Avaliação 4.5 de 5. 78 opiniões."
"https://http2.mlstatic.com/D_NQ_NP_979731-MLU72627881732_112023-W.webp","Mesa Para Computador Gamer Preta Madesa 9414 Cor Preto",R$244.42,"https://www.mercadolivre.com.br/mesa-para-computador-gamer-preta-madesa-9414-cor-preto/p/MLB20882094?pdp_filters=category:MLB436380#searchVariation=MLB20882094&position=4&search_layout=grid&type=product&tracking_id=c80177de-564a-414c-b8b8-8f0891d8acf2","Frete grátisEnviado pelo","Avaliação 4.9 de 5. 67 opiniões."
"https://http2.mlstatic.com/D_NQ_NP_617916-MLU73437276906_122023-W.webp","Escrivaninha Mesa Office Estudo Estilo Industrial Cor Preto/Imbuia",R$265.80,"https://www.mercadolivre.com.br/escrivaninha-mesa-office-estudo-estilo-industrial-cor-pretoimbuia/p/MLB29081981?pdp_filters=category:MLB436380#searchVariation=MLB29081981&position=5&search_layout=grid&type=product&tracking_id=c80177de-564a-414c-b8b8-8f0891d8acf2","Frete grátis","Avaliação 4.6 de 5. 114 opiniões."
"https://http2.mlstatic.com/D_NQ_NP_798455-MLB70532171820_072023-W.webp","Mesa De Cozinha Industrial 120x80 Pe Metal Resistente Agua",R$389.90,"https://produto.mercadolivre.com.br/MLB-3380431321-mesa-de-cozinha-industrial-120x80-pe-metal-resistente-agua-_JM#position=42&search_layout=grid&type=item&tracking_id=c80177de-564a-414c-b8b8-8f0891d8acf2","Frete grátis","Avaliação 4.5 de 5. 308 opiniões."
"https://http2.mlstatic.com/D_NQ_NP_931805-MLU73214064961_122023-W.webp","Jogo Bistrô Dobrável Mesa Com 2 Banquetas Para Bar Madeira Cor Tabaco",R$335,"https://www.mercadolivre.com.br/jogo-bistr-dobravel-mesa-com-2-banquetas-para-bar-madeira-cor-tabaco/p/MLB25507506?pdp_filters=category:MLB436380#searchVariation=MLB25507506&position=6&search_layout=grid&type=product&tracking_id=c80177de-564a-414c-b8b8-8f0891d8acf2","Frete grátis","Avaliação 4.6 de 5. 63 opiniões."
"https://http2.mlstatic.com/D_NQ_NP_828677-MLA73490562848_122023-W.webp","Sala De Jantar Mesa Tampo Madeira 4 Cadeiras Tina Madesa Rb Cor Bege Desenho do tecido das cadeiras Liso",R$543.60,"https://www.mercadolivre.com.br/sala-de-jantar-mesa-tampo-madeira-4-cadeiras-tina-madesa-rb-cor-bege-desenho-do-tecido-das-cadeiras-liso/p/MLB27293023?pdp_filters=category:MLB436380#searchVariation=MLB27293023&position=8&search_layout=grid&type=product&tracking_id=c80177de-564a-414c-b8b8-8f0891d8acf2","5% OFF em Casa & DecorFrete grátis","Avaliação 3.9 de 5. 180 opiniões."
"https://http2.mlstatic.com/D_NQ_NP_606372-MLB49362375891_032022-W.webp","Mesa De Madeira Redonda 80cm - June - Pizarro",R$483.93,"https://click1.mercadolivre.com.br/mclics/clicks/external/MLB/count?a=dn%2F8aIjSWgh7QKiJwvoND66oGapt0AW0J0aCe7eAt4wQtK%2BxefNUsVvGEQCcSDYckgwlLYI3qTEu6wSjrH5ntA8XZzCGYVt2Z3mz90KJtOWV0Jh0NtnYl30%2BaHV1yYV3Kw3hrdDEmpjHssizJ0nn%2BNQii%2BGh95sRPiP46JFqajCDqUt1F5yyF4JpfGkintE3FbtJ0xcf8R84BGsqbMY2hkrv1rvGN4WjJ1xIvQUoZhJ2BgYgLfoikSAFbUhjsmz%2B8X3Refw4HL9NOLpivFzdHhjR1E0tr1XMRZo%2BXJW7Fz7%2FQY7phvfK0mZy2RNDdveKTriOJyMFDyjqis8KucUyQx9VYx0CAqKQlAOdnvMUuZpiveBa0gVsnJRNWkX2o8CQ749%2FjH8WrJ1A%2F%2BDudW%2BFBT2QUZ%2BvYFMecaqpRS3WQpAJv%2FUfsnR5tQ5BxcrnDphveQ0MjnzhnP9zcHcxK9WTlTQpMja1DlWJ3gcm0HEgS53M9AL%2BhwD3jGm4rh3fM240O4ltTpmIV%2FDrsDtNWxvlpow9bm3I%2B4MoUjElHF0BM96xY5ghQUmlECf5bkcQtoi6iZ%2Feu3K6Ky6PnbLVUj41sNFOPAQitBQDysWV%2Bql47N4nJIYXSl4NMZ5%2FcqgrR%2BxKNBNXFSFYt0tTYh184t3HlwSR4robcALYmYXd4pcbPNC1HS0%2BXjKxoPbWOYUvEH4hi9bvgw%3D%3D&e=mclics%2Fadvertising-results-augmenter-on%2B15098%2Cmclics%2Fgtins%2B17001%2Cmclics%2Fvariant-candidates%2B31710%2Cmclics%2Fpseudo-search-pads-buybox%2B7708%2Cmclics%2Fmax-bid-item-factor%2B23928%2Cmclics%2Fbuybox-layout%2B25349%2Cmclics%2Fsearch-list-ad-algorithm%2B16026%2Cmclics%2Fmore-ads%2B28402%2Cmclics%2Fpads-score-mla%2B17263%2Cmclics%2Fbuybox-threshold%2B24613%2Cmclics%2Flax-top-domain%2B23443&rb=x","Frete grátisEnviado pelo","Avaliação 4.8 de 5. 108 opiniões."
"https://http2.mlstatic.com/D_NQ_NP_864642-MLB70568772607_072023-W.webp","Torneira Para Cozinha Bancada Gourmet Extensível Monocomando",R$242.76,"https://click1.mercadolivre.com.br/mclics/clicks/external/MLB/count?a=GvbCaCQJQpCZ6C5kpWUhZaGT4MDaw3Hmu2oulp4PCzDVXf%2BB9L1LR%2FhGOo9leuMLV40MXCcmusY7Rxq4EK9VVQ8eOjuCaJleCtVmHoZ8v1HL6rOYtXV9tUYiO9MRulEwcc83QgS0CdoBw7DlTH4EzCOjj1ojgXIuH%2B6mlWEOKWrO3j3%2FmrNERdZ44OZ1jzYSGXVg9%2FPsLGnJLKlI3gmw61tBFtqX6gxU7CH%2BSadEckvbFdw7FkQSyICsH5MmFQYziMb585jpNFyozySo0DGw%2BVw8mpwy6bf7ZzZVvdKVsa4JFSHhac3DVl6vPV6%2BiDKWeKjZFNAaT0tA3qLY%2BzPSixecuAoIbSVMUVVEYHBxkw6dSFOM%2B0SqANX%2BPJk3lfcBvMjnSOcoE7%2Fa6WwfMAQSu0Sr8uQmIv%2FQ1cY1PAp5ZmO7dwSV6JbroD6Uu4897sdmHkCnWw2dfTmo7Kz4kXUFjyjBFcw%2F1RpglLcifwM%2BGKK87l2uVZId8omCp41gUdgokMidNhCZaZvBweW%2FrQtNb07vBdZFqwzvewgaAx1XPRSxjUAnE9OarLk%2B5qVE4%2FGa4aDs5LlWx6ZsIoLS3iXSUwtVj6gBfCqM3LBlT8UYDTPGFbmCk%2BJ3GiCvTRPqfNKn6jbgB5pBOqsKAYjwSFLnUFZxyP7mYiia%2FsgnBBxDrtWAFeBXqrfvhN7pWKoHIFnghQ%2BB%2BHAmYAD%2F6LJxBacJR7CwgaUxl0o%3D&e=mclics%2Fadvertising-results-augmenter-on%2B15098%2Cmclics%2Fgtins%2B17001%2Cmclics%2Fvariant-candidates%2B31710%2Cmclics%2Fpseudo-search-pads-buybox%2B7708%2Cmclics%2Fmax-bid-item-factor%2B23928%2Cmclics%2Fbuybox-layout%2B25349%2Cmclics%2Fsearch-list-ad-algorithm%2B16026%2Cmclics%2Fmore-ads%2B28402%2Cmclics%2Fpads-score-mla%2B17263%2Cmclics%2Fbuybox-threshold%2B24613%2Cmclics%2Flax-top-domain%2B23443&rb=x","Frete grátisEnviado pelo","Avaliação 4.5 de 5. 559 opiniões."
"https://http2.mlstatic.com/D_NQ_NP_620685-MLB70123184037_062023-W.webp","Mesa Dobrável Bar Restaurante Aço Ferro Metal Antiferrugem",R$155,"https://click1.mercadolivre.com.br/mclics/clicks/external/MLB/count?a=Ikh%2FdXXp5U%2BiYCWp74VmW7SZ7ZsRE6yB9dyYkMMuk7kmVZE4Jk4sg6uE2yfGnPFSn%2FQ2fi3UzFBuuT1a0kyPXXHa8zmJ8RXvqaOPQsU5OnwhfbEAUT%2FgjtGgX2vyWt8fFTPU9EeGLnv5kxXWRYcXwgj3Tphu1%2BmZU3uhrQQnlwEpxTdzvb10wMgRjkjj0a%2FMZIsT34FVryeFk0%2F7yLMbt9S2rslqV%2Bh0LrH6BtJMfF5mZyQnAUNG%2BJ%2BnSNTzPqjO3W6qerUYypPn3RPSJv7Ni0DisKRTRyNICLUkt4u3A6IlFUiIROe5W4RgEOcfTH8EhwBBzXCnvdQ0%2FiyQpFpO40iJh8lF4oUsLRl5mCKi2Hn8L66L1gZAd%2FXvcY1uj6eVm1OKvYsk8%2FotN4XlQFx%2BVxHfgAJYORZJkbN68WPH0n3RM9Of7uqFFBU%2FGyHwNv3gfaGfDM6CEgx3vbzjJ7VzdZu8AR2D%2FyTaJhVDRMyuE39jAT4jOqyChcnYF7kM4N7eV02QUB2k37MkeenWZu1myixDC6a1tOMGZe8RI16wrAGskg%2BNub%2FODaAgTh9WaJtjDDc8gue%2F9iVpHZeBYTaIH19kBAuljTjEAsTl0aaRWV62i0b6KfNnGYauvl%2BKYcbz5k8n1NM8X6vFq5NCHzhe7sfgcX183LsXdNa3OFsz8yTpuhzRJQdwdZ%2FzY4WS9KXFYEQ4uGiK8Kmq2Rg66dE%2ByQv%2F4vM%3D&e=mclics%2Fadvertising-results-augmenter-on%2B15098%2Cmclics%2Fgtins%2B17001%2Cmclics%2Fvariant-candidates%2B31710%2Cmclics%2Fpseudo-search-pads-buybox%2B7708%2Cmclics%2Fmax-bid-item-factor%2B23928%2Cmclics%2Fbuybox-layout%2B25349%2Cmclics%2Fsearch-list-ad-algorithm%2B16026%2Cmclics%2Fmore-ads%2B28402%2Cmclics%2Fpads-score-mla%2B17263%2Cmclics%2Fbuybox-threshold%2B24613%2Cmclics%2Flax-top-domain%2B23443&rb=x","Frete grátisEnviado pelo","Avaliação 4.7 de 5. 28 opiniões."
"https://http2.mlstatic.com/D_NQ_NP_736141-MLB74049696470_012024-W.webp","Conjunto Mesa De Jantar 120x60cm + 4 Cadeiras Industrial",R$587.99,"https://produto.mercadolivre.com.br/MLB-3521123509-conjunto-mesa-de-jantar-120x60cm-4-cadeiras-industrial-_JM?searchVariation=181537865351#searchVariation=181537865351&position=43&search_layout=grid&type=item&tracking_id=c80177de-564a-414c-b8b8-8f0891d8acf2","Frete grátis","Avaliação 4.4 de 5. 5 opiniões."
"https://http2.mlstatic.com/D_NQ_NP_644238-MLB52024200047_102022-W.webp","Mesa De Parede Dobravel 66x35 P/estudos,café,jantar,cozinha",R$78.99,"https://produto.mercadolivre.com.br/MLB-2867567862-mesa-de-parede-dobravel-66x35-pestudoscafejantarcozinha-_JM#position=44&search_layout=grid&type=item&tracking_id=c80177de-564a-414c-b8b8-8f0891d8acf2","Enviado pelo","Avaliação 4.7 de 5. 76 opiniões."
"https://http2.mlstatic.com/D_NQ_NP_998804-MLU72628450078_112023-W.webp","Mesa Com 4 Cadeiras 1,36 Ávila Cina/off White/bege - Ma Cor Cinamomo/off White/bege 03 Desenho do tecido das cadeiras Suede",R$799,"https://www.mercadolivre.com.br/mesa-com-4-cadeiras-136-avila-cinaoff-whitebege-ma-cor-cinamomooff-whitebege-03-desenho-do-tecido-das-cadeiras-suede/p/MLB22975001?pdp_filters=category:MLB436380#searchVariation=MLB22975001&position=9&search_layout=grid&type=product&tracking_id=c80177de-564a-414c-b8b8-8f0891d8acf2","5% OFF em Casa & Decor","Avaliação 4.5 de 5. 202 opiniões."
"https://http2.mlstatic.com/D_NQ_NP_717576-MLU73280367934_122023-W.webp","Mesa Escrivaninha Industrial Diretor Ferro E Madeira Vintage 150x60cm Estilo Nórdico Madeirado Com Preto E-led",R$199.99,"https://www.mercadolivre.com.br/mesa-escrivaninha-industrial-diretor-ferro-e-madeira-vintage-150x60cm-estilo-nordico-madeirado-com-preto-e-led/p/MLB28765653?pdp_filters=category:MLB436380#searchVariation=MLB28765653&position=15&search_layout=grid&type=product&tracking_id=c80177de-564a-414c-b8b8-8f0891d8acf2","Frete grátis","Avaliação 4.3 de 5. 87 opiniões."
"https://http2.mlstatic.com/D_NQ_NP_887845-MLU72700361681_112023-W.webp","Torneira Quadrada De Metal Gourmet Cozinha Bancada C/ Ducha Cor Cromada",R$78.90,"https://www.mercadolivre.com.br/torneira-quadrada-de-metal-gourmet-cozinha-bancada-c-ducha-cor-cromada/p/MLB26078333?pdp_filters=category:MLB436380#searchVariation=MLB26078333&position=13&search_layout=grid&type=product&tracking_id=c80177de-564a-414c-b8b8-8f0891d8acf2","Enviado pelo","Avaliação 4.6 de 5. 356 opiniões."
"https://http2.mlstatic.com/D_NQ_NP_668617-MLU71760221587_092023-W.webp","Kit 4 Rodízio Rodinha P/ Móveis Giratório Silicone Gel 35mm",R$29.36,"https://www.mercadolivre.com.br/kit-4-rodizio-rodinha-p-moveis-giratorio-silicone-gel-35mm/p/MLB27084958?pdp_filters=category:MLB436380#searchVariation=MLB27084958&position=14&search_layout=grid&type=product&tracking_id=c80177de-564a-414c-b8b8-8f0891d8acf2","Enviado pelo","Avaliação 4.8 de 5. 236 opiniões."
"https://http2.mlstatic.com/D_NQ_NP_628191-MLU72628161172_112023-W.webp","Sala Jantar Mesa Tampo Madeira 6 Cadeiras Bahamas Madesa Rp Cor Rustic/Preto",R$699.99,"https://www.mercadolivre.com.br/sala-jantar-mesa-tampo-madeira-6-cadeiras-bahamas-madesa-rp-cor-rusticpreto/p/MLB25634001?pdp_filters=category:MLB436380#searchVariation=MLB25634001&position=16&search_layout=grid&type=product&tracking_id=c80177de-564a-414c-b8b8-8f0891d8acf2","5% OFF em Casa & Decor","Avaliação 4.5 de 5. 64 opiniões."
"https://http2.mlstatic.com/D_NQ_NP_630620-MLU73260221369_122023-W.webp","Mesa De Jantar Industrial Ferro E Madeira Vintage Estilo Nórdico Cor: Laminado Com Preto E-led",R$279.99,"https://www.mercadolivre.com.br/mesa-de-jantar-industrial-ferro-e-madeira-vintage-estilo-nordico-cor-laminado-com-preto-e-led/p/MLB28618481?pdp_filters=category:MLB436380#searchVariation=MLB28618481&position=17&search_layout=grid&type=product&tracking_id=c80177de-564a-414c-b8b8-8f0891d8acf2","Frete grátis","Avaliação 3.7 de 5. 31 opiniões."
"https://http2.mlstatic.com/D_NQ_NP_685669-MLB73280457403_122023-W.webp","Escrivaninha Estudo 150x60cm P/ Escritório Industrial Mesa",R$199.49,"https://produto.mercadolivre.com.br/MLB-3466699821-escrivaninha-estudo-150x60cm-p-escritorio-industrial-mesa-_JM#position=45&search_layout=grid&type=item&tracking_id=c80177de-564a-414c-b8b8-8f0891d8acf2","5% OFF em Casa & DecorFrete grátis","Avaliação 4 de 5. 69 opiniões."
"https://http2.mlstatic.com/D_NQ_NP_708647-MLU72628800380_112023-W.webp","Conjunto Sala Jantar Madesa Nanda Mesa Tam Vid Red 4 Cade Rp Cor Rustic/Preto",R$699.99,"https://www.mercadolivre.com.br/conjunto-sala-jantar-madesa-nanda-mesa-tam-vid-red-4-cade-rp-cor-rusticpreto/p/MLB23479065?pdp_filters=category:MLB436380#searchVariation=MLB23479065&position=18&search_layout=grid&type=product&tracking_id=c80177de-564a-414c-b8b8-8f0891d8acf2","5% OFF em Casa & DecorFrete grátis","Avaliação 4.2 de 5. 45 opiniões."
"https://http2.mlstatic.com/D_NQ_NP_621802-MLU72609366469_112023-W.webp","Mesa Escrivaninha Fit 4 Prateleiras Preto/canela Rústico",R$279.20,"https://www.mercadolivre.com.br/mesa-escrivaninha-fit-4-prateleiras-pretocanela-rustico/p/MLB22859088?pdp_filters=category:MLB436380#searchVariation=MLB22859088&position=19&search_layout=grid&type=product&tracking_id=c80177de-564a-414c-b8b8-8f0891d8acf2","Frete grátis","Avaliação 4.8 de 5. 120 opiniões."
"https://http2.mlstatic.com/D_NQ_NP_777661-MLU73126879378_122023-W.webp","Torneira Cozinha De Mesa Gourmet Mangueira Preta Silicone Acabamento Brilhante Cor Preto",R$49.71,"https://www.mercadolivre.com.br/torneira-cozinha-de-mesa-gourmet-mangueira-preta-silicone-acabamento-brilhante-cor-preto/p/MLB19077791?pdp_filters=category:MLB436380#searchVariation=MLB19077791&position=20&search_layout=grid&type=product&tracking_id=c80177de-564a-414c-b8b8-8f0891d8acf2","Enviado pelo","Avaliação 4.2 de 5. 614 opiniões."
"https://http2.mlstatic.com/D_NQ_NP_613451-MLU73114748066_122023-W.webp","Mesa Escrivaninha Com 2 Prateleiras Industrial Ferro E Madeira Vintade Nórdico Marca: E-led Cor: Laminada Com Preto",R$200,"https://www.mercadolivre.com.br/mesa-escrivaninha-com-2-prateleiras-industrial-ferro-e-madeira-vintade-nordico-marca-e-led-cor-laminada-com-preto/p/MLB28610494?pdp_filters=category:MLB436380#searchVariation=MLB28610494&position=21&search_layout=grid&type=product&tracking_id=c80177de-564a-414c-b8b8-8f0891d8acf2","Frete grátis","Avaliação 4.2 de 5. 149 opiniões."
"https://http2.mlstatic.com/D_NQ_NP_977605-MLB70776329004_072023-W.webp","Mesa De Jantar 90cm Eiffel Com 4 Cadeiras Cor Preto Madeira ",R$869,"https://produto.mercadolivre.com.br/MLB-3395379129-mesa-de-jantar-90cm-eiffel-com-4-cadeiras-cor-preto-madeira-_JM#position=46&search_layout=grid&type=item&tracking_id=c80177de-564a-414c-b8b8-8f0891d8acf2","Frete grátis","Avaliação 4.6 de 5. 99 opiniões."
"https://http2.mlstatic.com/D_NQ_NP_977167-MLU73129912214_122023-W.webp","Mesa De Jantar 120cm Estilo Industrial Redonda Cor da tampa Carvalho",R$899,"https://www.mercadolivre.com.br/mesa-de-jantar-120cm-estilo-industrial-redonda-cor-da-tampa-carvalho/p/MLB24740477?pdp_filters=category:MLB436380#searchVariation=MLB24740477&position=22&search_layout=grid&type=product&tracking_id=c80177de-564a-414c-b8b8-8f0891d8acf2","Frete grátis","Avaliação 4.9 de 5. 14 opiniões."
"https://http2.mlstatic.com/D_NQ_NP_737495-MLU72857117340_112023-W.webp","Sala Jantar Madesa Megan Mesa Tampo Madeira 6 Cadeiras Rpe Cor Rustic/Pérola Desenho do tecido das cadeiras Liso",R$899.99,"https://www.mercadolivre.com.br/sala-jantar-madesa-megan-mesa-tampo-madeira-6-cadeiras-rpe-cor-rusticperola-desenho-do-tecido-das-cadeiras-liso/p/MLB23079341?pdp_filters=category:MLB436380#searchVariation=MLB23079341&position=23&search_layout=grid&type=product&tracking_id=c80177de-564a-414c-b8b8-8f0891d8acf2","Frete grátis","Avaliação 4.3 de 5. 37 opiniões."
"https://http2.mlstatic.com/D_NQ_NP_912250-MLB70233146559_062023-W.webp","Mesa Dobrável 70x70 Em Madeira Maciça Quadrada Frete Grátis",R$196.37,"https://produto.mercadolivre.com.br/MLB-3362342789-mesa-dobravel-70x70-em-madeira-macica-quadrada-frete-gratis-_JM#position=47&search_layout=grid&type=item&tracking_id=c80177de-564a-414c-b8b8-8f0891d8acf2","Frete grátis","Avaliação 4.7 de 5. 98 opiniões."
"https://http2.mlstatic.com/D_NQ_NP_670215-MLU72644135797_112023-W.webp","Escrivaninha Mesa Suspensa Dobrável Notebook Branco 70 Cm",R$131.10,"https://www.mercadolivre.com.br/escrivaninha-mesa-suspensa-dobravel-notebook-branco-70-cm/p/MLB21935030?pdp_filters=category:MLB436380#searchVariation=MLB21935030&position=25&search_layout=grid&type=product&tracking_id=c80177de-564a-414c-b8b8-8f0891d8acf2","Frete grátisEnviado pelo","Avaliação 3.9 de 5. 81 opiniões."
"https://http2.mlstatic.com/D_NQ_NP_960279-MLB73953095048_012024-W.webp","Mesa Em L 150x150 Metal Madeira Para Escritório ",R$258.99,"https://produto.mercadolivre.com.br/MLB-3466677939-mesa-em-l-150x150-metal-madeira-para-escritorio-_JM#position=48&search_layout=grid&type=item&tracking_id=c80177de-564a-414c-b8b8-8f0891d8acf2","Frete grátis","Avaliação 5 de 5. 5 opiniões."
"https://http2.mlstatic.com/D_NQ_NP_631994-MLU70375204755_072023-W.webp","Mesa Jantar Charles Eames Eiffel Madeira 90cm Branca Cor da tampa Branco Cor dos pés Marrom-claro",R$319,"https://www.mercadolivre.com.br/mesa-jantar-charles-eames-eiffel-madeira-90cm-branca-cor-da-tampa-branco-cor-dos-pes-marrom-claro/p/MLB24361666?pdp_filters=category:MLB436380#searchVariation=MLB24361666&position=24&search_layout=grid&type=product&tracking_id=c80177de-564a-414c-b8b8-8f0891d8acf2","Frete grátis","Avaliação 4.7 de 5. 83 opiniões."
"https://http2.mlstatic.com/D_NQ_NP_888356-MLU72575311896_112023-W.webp","Mesa Para Computador Gamer Escrivaninha 9409 Madesa Preto",R$299.99,"https://www.mercadolivre.com.br/mesa-para-computador-gamer-escrivaninha-9409-madesa-preto/p/MLB23953903?pdp_filters=category:MLB436380#searchVariation=MLB23953903&position=28&search_layout=grid&type=product&tracking_id=c80177de-564a-414c-b8b8-8f0891d8acf2","5% OFF em Casa & DecorFrete grátis","Avaliação 4.8 de 5. 980 opiniões."
"https://http2.mlstatic.com/D_NQ_NP_667873-MLU72628281922_112023-W.webp","Sala Jantar Mesa Tampo Vidro 4 Cadeiras Avril Madesa Imp Cor Rustic/Crema/Imperial",R$1.199,"https://www.mercadolivre.com.br/sala-jantar-mesa-tampo-vidro-4-cadeiras-avril-madesa-imp-cor-rusticcremaimperial/p/MLB23955214?pdp_filters=category:MLB436380#searchVariation=MLB23955214&position=26&search_layout=grid&type=product&tracking_id=c80177de-564a-414c-b8b8-8f0891d8acf2","5% OFF em Casa & Decor","Avaliação 4.3 de 5. 28 opiniões."
"https://http2.mlstatic.com/D_NQ_NP_699290-MLU72699961703_112023-W.webp","Mesa De Jantar 4 Lugares Disney Mel/blonde/veludo Cinza - Cor da tampa Bege Cor dos pés Marrom",R$689.90,"https://www.mercadolivre.com.br/mesa-de-jantar-4-lugares-disney-melblondeveludo-cinza-cor-da-tampa-bege-cor-dos-pes-marrom/p/MLB27652151?pdp_filters=category:MLB436380#searchVariation=MLB27652151&position=29&search_layout=grid&type=product&tracking_id=c80177de-564a-414c-b8b8-8f0891d8acf2","",""
"https://http2.mlstatic.com/D_NQ_NP_854646-MLB53200577493_012023-W.webp","Conjunto De Mesas E Cadeiras De Plástico Bistrô - 182kg",R$234.90,"https://produto.mercadolivre.com.br/MLB-2023065813-conjunto-de-mesas-e-cadeiras-de-plastico-bistr-182kg-_JM#position=49&search_layout=grid&type=item&tracking_id=c80177de-564a-414c-b8b8-8f0891d8acf2","","Avaliação 4.7 de 5. 140 opiniões."
"https://http2.mlstatic.com/D_NQ_NP_876399-MLU72566059550_112023-W.webp","02 Suporte Cantoneira Dobrável Reforçada Mão Francesa 30cm",R$38.92,"https://www.mercadolivre.com.br/02-suporte-cantoneira-dobravel-reforcada-mo-francesa-30cm/p/MLB24821866?pdp_filters=category:MLB436380#searchVariation=MLB24821866&position=27&search_layout=grid&type=product&tracking_id=c80177de-564a-414c-b8b8-8f0891d8acf2","Enviado pelo","Avaliação 4.8 de 5. 1,049 opiniões."
"https://http2.mlstatic.com/D_NQ_NP_786366-MLU72566190532_112023-W.webp","Escrivaninha Mesa Apoio Moderna Sem Gaveta Home Office Cor Branco",R$131.98,"https://www.mercadolivre.com.br/escrivaninha-mesa-apoio-moderna-sem-gaveta-home-office-cor-branco/p/MLB27732003?pdp_filters=category:MLB436380#searchVariation=MLB27732003&position=33&search_layout=grid&type=product&tracking_id=c80177de-564a-414c-b8b8-8f0891d8acf2","Frete grátis","Avaliação 4.3 de 5. 75 opiniões."
"https://http2.mlstatic.com/D_NQ_NP_748429-MLU72700171419_112023-W.webp","Sala Jantar Anita Madesa Mesa Tampo De Vidro 4 Cadeiras Rp Cor Rustic/Preto/Sintético Preto",R$659.99,"https://www.mercadolivre.com.br/sala-jantar-anita-madesa-mesa-tampo-de-vidro-4-cadeiras-rp-cor-rusticpretosintetico-preto/p/MLB23548812?pdp_filters=category:MLB436380#searchVariation=MLB23548812&position=36&search_layout=grid&type=product&tracking_id=c80177de-564a-414c-b8b8-8f0891d8acf2","Frete grátis","Avaliação 4.5 de 5. 38 opiniões."
"https://http2.mlstatic.com/D_NQ_NP_758719-MLU71358485766_082023-W.webp","Mesa De Jantar Elisa Ambiente 120cm Para Cozinha Moderna Cor da tampa Off White",R$436.05,"https://www.mercadolivre.com.br/mesa-de-jantar-elisa-ambiente-120cm-para-cozinha-moderna-cor-da-tampa-off-white/p/MLB26680928?pdp_filters=category:MLB436380#searchVariation=MLB26680928&position=30&search_layout=grid&type=product&tracking_id=c80177de-564a-414c-b8b8-8f0891d8acf2","Frete grátis","Avaliação 4.4 de 5. 27 opiniões."
"https://http2.mlstatic.com/D_NQ_NP_913437-MLB73194502374_122023-W.webp","Escrivaninha Estudo 150x60cm P/ Escritório Industrial Mesa ",R$197.99,"https://produto.mercadolivre.com.br/MLB-4095611980-escrivaninha-estudo-150x60cm-p-escritorio-industrial-mesa-_JM#position=50&search_layout=grid&type=item&tracking_id=c80177de-564a-414c-b8b8-8f0891d8acf2","Frete grátis","Avaliação 3.8 de 5. 71 opiniões."
"https://http2.mlstatic.com/D_NQ_NP_801216-MLB73071240024_112023-W.webp","Torneira Metal Com Filtro Cozinha Gourmet Bancada  Pia Mesa",R$118.66,"https://produto.mercadolivre.com.br/MLB-1071387291-torneira-metal-com-filtro-cozinha-gourmet-bancada-pia-mesa-_JM#position=51&search_layout=grid&type=item&tracking_id=c80177de-564a-414c-b8b8-8f0891d8acf2","Frete grátisEnviado pelo","Avaliação 4.4 de 5. 3,868 opiniões."
"https://http2.mlstatic.com/D_NQ_NP_740410-MLU70776313164_072023-W.webp","Conjunto Mesa Ciplafe Expert Dobravel 4 Banquetas Bp 0,72m Cor Capuccino",R$410.67,"https://www.mercadolivre.com.br/conjunto-mesa-ciplafe-expert-dobravel-4-banquetas-bp-072m-cor-capuccino/p/MLB25506927?pdp_filters=category:MLB436380#searchVariation=MLB25506927&position=35&search_layout=grid&type=product&tracking_id=c80177de-564a-414c-b8b8-8f0891d8acf2","5% OFF em Casa & DecorFrete grátis","Avaliação 4.4 de 5. 102 opiniões."
"https://http2.mlstatic.com/D_NQ_NP_616840-MLA46317822556_062021-W.webp","Torneira para Cozinha Gourmet Misturador Monocomando Entrada Filtro Munim Pingoo.casa - Prata",R$287.90,"https://www.mercadolivre.com.br/torneira-para-cozinha-gourmet-misturador-monocomando-entrada-filtro-munim-pingoocasa-prata/p/MLB18030828?pdp_filters=category:MLB436380#searchVariation=MLB18030828&position=31&search_layout=grid&type=product&tracking_id=c80177de-564a-414c-b8b8-8f0891d8acf2","Frete grátisEnviado pelo","Avaliação 4.7 de 5. 2,151 opiniões."
"https://http2.mlstatic.com/D_NQ_NP_885834-MLB74436860713_022024-W.webp","Mesa Dobrável Alumínio 90x60 Cm Vira Maleta 695838 Palisad",R$143.50,"https://produto.mercadolivre.com.br/MLB-2725109935-mesa-dobravel-aluminio-90x60-cm-vira-maleta-695838-palisad-_JM#position=52&search_layout=grid&type=item&tracking_id=c80177de-564a-414c-b8b8-8f0891d8acf2","5% OFF em Casa & DecorFrete grátisEnviado pelo","Avaliação 4.8 de 5. 571 opiniões."
"https://http2.mlstatic.com/D_NQ_NP_938052-MLU74135200454_012024-W.webp","Mesa Com 4 Banquetas Berlim Imbuia/capuccino - Ma Cor Imbuia/capuccino 02",R$369,"https://www.mercadolivre.com.br/mesa-com-4-banquetas-berlim-imbuiacapuccino-ma-cor-imbuiacapuccino-02/p/MLB25507294?pdp_filters=category:MLB436380#searchVariation=MLB25507294&position=32&search_layout=grid&type=product&tracking_id=c80177de-564a-414c-b8b8-8f0891d8acf2","5% OFF em Casa & Decor","Avaliação 4.8 de 5. 10 opiniões."
"https://http2.mlstatic.com/D_NQ_NP_899512-MLB71133253182_082023-W.webp","Conjunto De Mesa Thais Com 4 Cadeiras Granito / Dark",R$499,"https://produto.mercadolivre.com.br/MLB-3270177002-conjunto-de-mesa-thais-com-4-cadeiras-granito-dark-_JM#position=53&search_layout=grid&type=item&tracking_id=c80177de-564a-414c-b8b8-8f0891d8acf2","5% OFF em Casa & Decor","Avaliação 4.7 de 5. 173 opiniões."
"https://http2.mlstatic.com/D_NQ_NP_938198-MLB44095516504_112020-W.webp","Conjunto De Mesa De Jantar Luna I Com Vidro E 6 Cadeiras ...",R$1.524,"https://produto.mercadolivre.com.br/MLB-1719341104-conjunto-de-mesa-de-jantar-luna-i-com-vidro-e-6-cadeiras--_JM#position=54&search_layout=grid&type=item&tracking_id=c80177de-564a-414c-b8b8-8f0891d8acf2","5% OFF em Casa & Decor","Avaliação 4.6 de 5. 38 opiniões."
"https://http2.mlstatic.com/D_NQ_NP_862858-MLU72152073883_102023-W.webp","Escrivaninha Gamer Para Gabinete Para Pc Com Espaço Cor Vermelho Valorant",R$189.05,"https://www.mercadolivre.com.br/escrivaninha-gamer-para-gabinete-para-pc-com-espaco-cor-vermelho-valorant/p/MLB27581503?pdp_filters=category:MLB436380#searchVariation=MLB27581503&position=34&search_layout=grid&type=product&tracking_id=c80177de-564a-414c-b8b8-8f0891d8acf2","Frete grátis","Avaliação 4.3 de 5. 52 opiniões."
"https://http2.mlstatic.com/D_NQ_NP_728425-MLU74377795533_022024-W.webp","Mesa De Jantar 6 Lugares Poliana Mel/blonde/nude - Panorama Cor Da Tampa Bege Cor Dos Pés Marrom",R$1.109,"https://www.mercadolivre.com.br/mesa-de-jantar-6-lugares-poliana-melblondenude-panorama-cor-da-tampa-bege-cor-dos-pes-marrom/p/MLB31746156?pdp_filters=category:MLB436380#searchVariation=MLB31746156&position=37&search_layout=grid&type=product&tracking_id=c80177de-564a-414c-b8b8-8f0891d8acf2","",""
"https://http2.mlstatic.com/D_NQ_NP_992464-MLU74277934768_022024-W.webp","Conjunto Sala De Jantar Mesa Classic Tampo De Vidro 4",R$946.51,"https://www.mercadolivre.com.br/conjunto-sala-de-jantar-mesa-classic-tampo-de-vidro-4/p/MLB32113386?pdp_filters=category:MLB436380#searchVariation=MLB32113386&position=39&search_layout=grid&type=product&tracking_id=c80177de-564a-414c-b8b8-8f0891d8acf2","",""
"https://http2.mlstatic.com/D_NQ_NP_667637-MLU72760175368_112023-W.webp","Escrivaninha Mesa Apoio Industrial Vintage Retro 90 Cm Pés Preta Tampo Cor Marrom",R$159,"https://www.mercadolivre.com.br/escrivaninha-mesa-apoio-industrial-vintage-retro-90-cm-pes-preta-tampo-cor-marrom/p/MLB20669440?pdp_filters=category:MLB436380#searchVariation=MLB20669440&position=40&search_layout=grid&type=product&tracking_id=c80177de-564a-414c-b8b8-8f0891d8acf2","Frete grátis","Avaliação 4.2 de 5. 492 opiniões."
"https://http2.mlstatic.com/D_NQ_NP_716513-MLU72628497246_112023-W.webp","Mesa De Jantar 6 Lugares Porto Seguro Com Vidro Mel/veludo",R$1.499,"https://www.mercadolivre.com.br/mesa-de-jantar-6-lugares-porto-seguro-com-vidro-melveludo/p/MLB27161865?pdp_filters=category:MLB436380#searchVariation=MLB27161865&position=38&search_layout=grid&type=product&tracking_id=c80177de-564a-414c-b8b8-8f0891d8acf2","",""
"https://http2.mlstatic.com/D_NQ_NP_960756-MLU72890241705_112023-W.webp","Torneira Gourmet Cozinha Misturador Monocomando Com Ducha Acabamento Brilhante Cor Cromada Prata",R$319,"https://www.mercadolivre.com.br/torneira-gourmet-cozinha-misturador-monocomando-com-ducha-acabamento-brilhante-cor-cromada-prata/p/MLB23372891?pdp_filters=category:MLB436380#searchVariation=MLB23372891&position=41&search_layout=grid&type=product&tracking_id=c80177de-564a-414c-b8b8-8f0891d8acf2","Frete grátisEnviado pelo","Avaliação 4.9 de 5. 46 opiniões."